admin;admin;
admin;admin;
admin;admin;
admin;admin;
admin;admin;
null;null;
null;null;
null;null;
null;null;
null;null;
null;null;
null;null;
null;null;
null;null;
null;null;
null;null;
null;null;
null;null;
null;null;
null;null;
null;null;
null;null;
null;null;
null;null;
null;null;
null;null;
admin;admin;
null;null;
null;null;
null;null;
null;null;
null;null;
12345678901;TESTE;
admin;admin;
admin;admin;
;null;
admin;admin;
admin;admin;
admin;admin;
admin;admin;
admin;admin;
40163529833;teste;
12808573820;teste;
